<?xml version='1.0' encoding='utf-8' ?>
<!DOCTYPE document SYSTEM "file:///D:/Xilinx/14.7/ISE_DS/ISE/xc9500xl/data/xmlReport9kxl.dtd">
<document><ascFile>led1.rpt</ascFile><devFile>D:/Xilinx/14.7/ISE_DS/ISE/xc9500xl/data/xc9572xl.chp</devFile><mfdFile>led1.mfd</mfdFile><htmlFile logic_legend="logiclegend.htm" logo="xc9500xl_logo.jpg" pin_legend="pinlegend.htm"/><header date=" 7-27-2017" design="led1" device="XC9572XL" eqnType="1" pkg="VQ44" speed="-10" status="1" statusStr="Successful" swVersion="P.20131013" time=" 12:22PM" version="1.0"/><global_inputs id="clock" pinnum="GCK3" use="GCK3" userloc="P1"/><pin id="FB1_MC2_PIN39" pinnum="39" signal="Pre_Q8_SPECSIG" use="b_SPECSIG"/><pin id="FB1_MC5_PIN40" pinnum="40" signal="Pre_Q23_SPECSIG" use="b_SPECSIG"/><pin id="FB1_MC6_PIN41" pinnum="41" signal="Pre_Q22_SPECSIG" use="b_SPECSIG"/><pin id="FB1_MC8_PIN42" pinnum="42" signal="Pre_Q20_SPECSIG" use="b_SPECSIG"/><pin id="FB1_MC9_PIN43" pinnum="43" signal="Pre_Q19_SPECSIG" use="b_SPECSIG"/><pin id="FB1_MC11_PIN44" pinnum="44" signal="Pre_Q17_SPECSIG" use="b_SPECSIG"/><pin id="FB1_MC14_PIN1" pinnum="1" signal="clock" use="GCK"/><pin id="FB1_MC15_PIN2" pinnum="2" signal="Pre_Q13_SPECSIG" use="b_SPECSIG"/><pin id="FB1_MC17_PIN3" pinnum="3" signal="Pre_Q11_SPECSIG" use="b_SPECSIG"/><pin id="FB2_MC2_PIN29" pinnum="29"/><pin id="FB2_MC5_PIN30" pinnum="30"/><pin id="FB2_MC6_PIN31" pinnum="31" signal="LED3_SPECSIG" use="O"/><pin id="FB2_MC8_PIN32" pinnum="32" signal="LED2_SPECSIG" use="O"/><pin id="FB2_MC9_PIN33" pinnum="33" signal="LED1_SPECSIG" use="O"/><pin id="FB2_MC11_PIN34" pinnum="34" signal="LED0_SPECSIG" use="O"/><pin id="FB2_MC14_PIN36" pinnum="36"/><pin id="FB2_MC15_PIN37" pinnum="37"/><pin id="FB2_MC17_PIN38" pinnum="38"/><pin id="FB3_MC2_PIN5" pinnum="5"/><pin id="FB3_MC5_PIN6" pinnum="6"/><pin id="FB3_MC8_PIN7" pinnum="7"/><pin id="FB3_MC9_PIN8" pinnum="8"/><pin id="FB3_MC11_PIN12" pinnum="12" signal="Pre_Q7_SPECSIG" use="b_SPECSIG"/><pin id="FB3_MC14_PIN13" pinnum="13" signal="Pre_Q4_SPECSIG" use="b_SPECSIG"/><pin id="FB3_MC15_PIN14" pinnum="14" signal="Pre_Q3_SPECSIG" use="b_SPECSIG"/><pin id="FB3_MC16_PIN18" pinnum="18" signal="Pre_Q2_SPECSIG" use="b_SPECSIG"/><pin id="FB3_MC17_PIN16" pinnum="16" signal="Pre_Q1_SPECSIG" use="b_SPECSIG"/><pin id="FB4_MC2_PIN19" pinnum="19"/><pin id="FB4_MC5_PIN20" pinnum="20"/><pin id="FB4_MC8_PIN21" pinnum="21"/><pin id="FB4_MC11_PIN22" pinnum="22"/><pin id="FB4_MC14_PIN23" pinnum="23"/><pin id="FB4_MC15_PIN27" pinnum="27"/><pin id="FB4_MC17_PIN28" pinnum="28"/><fblock id="FB1" inputUse="25" pinUse="0"><macrocell id="FB1_MC1" sigUse="9" signal="Pre_Q9_SPECSIG"><pterms pt1="FB1_1_1"/></macrocell><macrocell id="FB1_MC2" pin="FB1_MC2_PIN39" sigUse="8" signal="Pre_Q8_SPECSIG"><pterms pt1="FB1_2_1"/></macrocell><macrocell id="FB1_MC3" sigUse="25" signal="Pre_Q25_SPECSIG"><pterms pt1="FB1_3_1"/></macrocell><macrocell id="FB1_MC4" sigUse="24" signal="Pre_Q24_SPECSIG"><pterms pt1="FB1_4_1"/></macrocell><macrocell id="FB1_MC5" pin="FB1_MC5_PIN40" sigUse="23" signal="Pre_Q23_SPECSIG"><pterms pt1="FB1_5_1"/></macrocell><macrocell id="FB1_MC6" pin="FB1_MC6_PIN41" sigUse="22" signal="Pre_Q22_SPECSIG"><pterms pt1="FB1_6_1"/></macrocell><macrocell id="FB1_MC7" sigUse="21" signal="Pre_Q21_SPECSIG"><pterms pt1="FB1_7_1"/></macrocell><macrocell id="FB1_MC8" pin="FB1_MC8_PIN42" sigUse="20" signal="Pre_Q20_SPECSIG"><pterms pt1="FB1_8_1"/></macrocell><macrocell id="FB1_MC9" pin="FB1_MC9_PIN43" sigUse="19" signal="Pre_Q19_SPECSIG"><pterms pt1="FB1_9_1"/></macrocell><macrocell id="FB1_MC10" sigUse="18" signal="Pre_Q18_SPECSIG"><pterms pt1="FB1_10_1"/></macrocell><macrocell id="FB1_MC11" pin="FB1_MC11_PIN44" sigUse="17" signal="Pre_Q17_SPECSIG"><pterms pt1="FB1_11_1"/></macrocell><macrocell id="FB1_MC12" sigUse="16" signal="Pre_Q16_SPECSIG"><pterms pt1="FB1_12_1"/></macrocell><macrocell id="FB1_MC13" sigUse="15" signal="Pre_Q15_SPECSIG"><pterms pt1="FB1_13_1"/></macrocell><macrocell id="FB1_MC14" pin="FB1_MC14_PIN1" sigUse="14" signal="Pre_Q14_SPECSIG"><pterms pt1="FB1_14_1"/></macrocell><macrocell id="FB1_MC15" pin="FB1_MC15_PIN2" sigUse="13" signal="Pre_Q13_SPECSIG"><pterms pt1="FB1_15_1"/></macrocell><macrocell id="FB1_MC16" sigUse="12" signal="Pre_Q12_SPECSIG"><pterms pt1="FB1_16_1"/></macrocell><macrocell id="FB1_MC17" pin="FB1_MC17_PIN3" sigUse="11" signal="Pre_Q11_SPECSIG"><pterms pt1="FB1_17_1"/></macrocell><macrocell id="FB1_MC18" sigUse="10" signal="Pre_Q10_SPECSIG"><pterms pt1="FB1_18_1"/></macrocell><fbinput id="FB1_I1" signal="Pre_Q0_SPECSIG"/><fbinput id="FB1_I2" signal="Pre_Q10_SPECSIG"/><fbinput id="FB1_I3" signal="Pre_Q11_SPECSIG"/><fbinput id="FB1_I4" signal="Pre_Q12_SPECSIG"/><fbinput id="FB1_I5" signal="Pre_Q13_SPECSIG"/><fbinput id="FB1_I6" signal="Pre_Q14_SPECSIG"/><fbinput id="FB1_I7" signal="Pre_Q15_SPECSIG"/><fbinput id="FB1_I8" signal="Pre_Q16_SPECSIG"/><fbinput id="FB1_I9" signal="Pre_Q17_SPECSIG"/><fbinput id="FB1_I10" signal="Pre_Q18_SPECSIG"/><fbinput id="FB1_I11" signal="Pre_Q19_SPECSIG"/><fbinput id="FB1_I12" signal="Pre_Q1_SPECSIG"/><fbinput id="FB1_I13" signal="Pre_Q20_SPECSIG"/><fbinput id="FB1_I14" signal="Pre_Q21_SPECSIG"/><fbinput id="FB1_I15" signal="Pre_Q22_SPECSIG"/><fbinput id="FB1_I16" signal="Pre_Q23_SPECSIG"/><fbinput id="FB1_I17" signal="Pre_Q24_SPECSIG"/><fbinput id="FB1_I18" signal="Pre_Q2_SPECSIG"/><fbinput id="FB1_I19" signal="Pre_Q3_SPECSIG"/><fbinput id="FB1_I20" signal="Pre_Q4_SPECSIG"/><fbinput id="FB1_I21" signal="Pre_Q5_SPECSIG"/><fbinput id="FB1_I22" signal="Pre_Q6_SPECSIG"/><fbinput id="FB1_I23" signal="Pre_Q7_SPECSIG"/><fbinput id="FB1_I24" signal="Pre_Q8_SPECSIG"/><fbinput id="FB1_I25" signal="Pre_Q9_SPECSIG"/><pterm id="FB1_1_1"><signal id="Pre_Q0_SPECSIG"/><signal id="Pre_Q1_SPECSIG"/><signal id="Pre_Q2_SPECSIG"/><signal id="Pre_Q3_SPECSIG"/><signal id="Pre_Q4_SPECSIG"/><signal id="Pre_Q5_SPECSIG"/><signal id="Pre_Q6_SPECSIG"/><signal id="Pre_Q7_SPECSIG"/><signal id="Pre_Q8_SPECSIG"/></pterm><pterm id="FB1_2_1"><signal id="Pre_Q0_SPECSIG"/><signal id="Pre_Q1_SPECSIG"/><signal id="Pre_Q2_SPECSIG"/><signal id="Pre_Q3_SPECSIG"/><signal id="Pre_Q4_SPECSIG"/><signal id="Pre_Q5_SPECSIG"/><signal id="Pre_Q6_SPECSIG"/><signal id="Pre_Q7_SPECSIG"/></pterm><pterm id="FB1_3_1"><signal id="Pre_Q0_SPECSIG"/><signal id="Pre_Q10_SPECSIG"/><signal id="Pre_Q11_SPECSIG"/><signal id="Pre_Q12_SPECSIG"/><signal id="Pre_Q13_SPECSIG"/><signal id="Pre_Q14_SPECSIG"/><signal id="Pre_Q15_SPECSIG"/><signal id="Pre_Q16_SPECSIG"/><signal id="Pre_Q17_SPECSIG"/><signal id="Pre_Q18_SPECSIG"/><signal id="Pre_Q19_SPECSIG"/><signal id="Pre_Q1_SPECSIG"/><signal id="Pre_Q20_SPECSIG"/><signal id="Pre_Q21_SPECSIG"/><signal id="Pre_Q22_SPECSIG"/><signal id="Pre_Q23_SPECSIG"/><signal id="Pre_Q24_SPECSIG"/><signal id="Pre_Q2_SPECSIG"/><signal id="Pre_Q3_SPECSIG"/><signal id="Pre_Q4_SPECSIG"/><signal id="Pre_Q5_SPECSIG"/><signal id="Pre_Q6_SPECSIG"/><signal id="Pre_Q7_SPECSIG"/><signal id="Pre_Q8_SPECSIG"/><signal id="Pre_Q9_SPECSIG"/></pterm><pterm id="FB1_4_1"><signal id="Pre_Q0_SPECSIG"/><signal id="Pre_Q10_SPECSIG"/><signal id="Pre_Q11_SPECSIG"/><signal id="Pre_Q12_SPECSIG"/><signal id="Pre_Q13_SPECSIG"/><signal id="Pre_Q14_SPECSIG"/><signal id="Pre_Q15_SPECSIG"/><signal id="Pre_Q16_SPECSIG"/><signal id="Pre_Q17_SPECSIG"/><signal id="Pre_Q18_SPECSIG"/><signal id="Pre_Q19_SPECSIG"/><signal id="Pre_Q1_SPECSIG"/><signal id="Pre_Q20_SPECSIG"/><signal id="Pre_Q21_SPECSIG"/><signal id="Pre_Q22_SPECSIG"/><signal id="Pre_Q23_SPECSIG"/><signal id="Pre_Q2_SPECSIG"/><signal id="Pre_Q3_SPECSIG"/><signal id="Pre_Q4_SPECSIG"/><signal id="Pre_Q5_SPECSIG"/><signal id="Pre_Q6_SPECSIG"/><signal id="Pre_Q7_SPECSIG"/><signal id="Pre_Q8_SPECSIG"/><signal id="Pre_Q9_SPECSIG"/></pterm><pterm id="FB1_5_1"><signal id="Pre_Q0_SPECSIG"/><signal id="Pre_Q10_SPECSIG"/><signal id="Pre_Q11_SPECSIG"/><signal id="Pre_Q12_SPECSIG"/><signal id="Pre_Q13_SPECSIG"/><signal id="Pre_Q14_SPECSIG"/><signal id="Pre_Q15_SPECSIG"/><signal id="Pre_Q16_SPECSIG"/><signal id="Pre_Q17_SPECSIG"/><signal id="Pre_Q18_SPECSIG"/><signal id="Pre_Q19_SPECSIG"/><signal id="Pre_Q1_SPECSIG"/><signal id="Pre_Q20_SPECSIG"/><signal id="Pre_Q21_SPECSIG"/><signal id="Pre_Q22_SPECSIG"/><signal id="Pre_Q2_SPECSIG"/><signal id="Pre_Q3_SPECSIG"/><signal id="Pre_Q4_SPECSIG"/><signal id="Pre_Q5_SPECSIG"/><signal id="Pre_Q6_SPECSIG"/><signal id="Pre_Q7_SPECSIG"/><signal id="Pre_Q8_SPECSIG"/><signal id="Pre_Q9_SPECSIG"/></pterm><pterm id="FB1_6_1"><signal id="Pre_Q0_SPECSIG"/><signal id="Pre_Q10_SPECSIG"/><signal id="Pre_Q11_SPECSIG"/><signal id="Pre_Q12_SPECSIG"/><signal id="Pre_Q13_SPECSIG"/><signal id="Pre_Q14_SPECSIG"/><signal id="Pre_Q15_SPECSIG"/><signal id="Pre_Q16_SPECSIG"/><signal id="Pre_Q17_SPECSIG"/><signal id="Pre_Q18_SPECSIG"/><signal id="Pre_Q19_SPECSIG"/><signal id="Pre_Q1_SPECSIG"/><signal id="Pre_Q20_SPECSIG"/><signal id="Pre_Q21_SPECSIG"/><signal id="Pre_Q2_SPECSIG"/><signal id="Pre_Q3_SPECSIG"/><signal id="Pre_Q4_SPECSIG"/><signal id="Pre_Q5_SPECSIG"/><signal id="Pre_Q6_SPECSIG"/><signal id="Pre_Q7_SPECSIG"/><signal id="Pre_Q8_SPECSIG"/><signal id="Pre_Q9_SPECSIG"/></pterm><pterm id="FB1_7_1"><signal id="Pre_Q0_SPECSIG"/><signal id="Pre_Q10_SPECSIG"/><signal id="Pre_Q11_SPECSIG"/><signal id="Pre_Q12_SPECSIG"/><signal id="Pre_Q13_SPECSIG"/><signal id="Pre_Q14_SPECSIG"/><signal id="Pre_Q15_SPECSIG"/><signal id="Pre_Q16_SPECSIG"/><signal id="Pre_Q17_SPECSIG"/><signal id="Pre_Q18_SPECSIG"/><signal id="Pre_Q19_SPECSIG"/><signal id="Pre_Q1_SPECSIG"/><signal id="Pre_Q20_SPECSIG"/><signal id="Pre_Q2_SPECSIG"/><signal id="Pre_Q3_SPECSIG"/><signal id="Pre_Q4_SPECSIG"/><signal id="Pre_Q5_SPECSIG"/><signal id="Pre_Q6_SPECSIG"/><signal id="Pre_Q7_SPECSIG"/><signal id="Pre_Q8_SPECSIG"/><signal id="Pre_Q9_SPECSIG"/></pterm><pterm id="FB1_8_1"><signal id="Pre_Q0_SPECSIG"/><signal id="Pre_Q10_SPECSIG"/><signal id="Pre_Q11_SPECSIG"/><signal id="Pre_Q12_SPECSIG"/><signal id="Pre_Q13_SPECSIG"/><signal id="Pre_Q14_SPECSIG"/><signal id="Pre_Q15_SPECSIG"/><signal id="Pre_Q16_SPECSIG"/><signal id="Pre_Q17_SPECSIG"/><signal id="Pre_Q18_SPECSIG"/><signal id="Pre_Q19_SPECSIG"/><signal id="Pre_Q1_SPECSIG"/><signal id="Pre_Q2_SPECSIG"/><signal id="Pre_Q3_SPECSIG"/><signal id="Pre_Q4_SPECSIG"/><signal id="Pre_Q5_SPECSIG"/><signal id="Pre_Q6_SPECSIG"/><signal id="Pre_Q7_SPECSIG"/><signal id="Pre_Q8_SPECSIG"/><signal id="Pre_Q9_SPECSIG"/></pterm><pterm id="FB1_9_1"><signal id="Pre_Q0_SPECSIG"/><signal id="Pre_Q10_SPECSIG"/><signal id="Pre_Q11_SPECSIG"/><signal id="Pre_Q12_SPECSIG"/><signal id="Pre_Q13_SPECSIG"/><signal id="Pre_Q14_SPECSIG"/><signal id="Pre_Q15_SPECSIG"/><signal id="Pre_Q16_SPECSIG"/><signal id="Pre_Q17_SPECSIG"/><signal id="Pre_Q18_SPECSIG"/><signal id="Pre_Q1_SPECSIG"/><signal id="Pre_Q2_SPECSIG"/><signal id="Pre_Q3_SPECSIG"/><signal id="Pre_Q4_SPECSIG"/><signal id="Pre_Q5_SPECSIG"/><signal id="Pre_Q6_SPECSIG"/><signal id="Pre_Q7_SPECSIG"/><signal id="Pre_Q8_SPECSIG"/><signal id="Pre_Q9_SPECSIG"/></pterm><pterm id="FB1_10_1"><signal id="Pre_Q0_SPECSIG"/><signal id="Pre_Q10_SPECSIG"/><signal id="Pre_Q11_SPECSIG"/><signal id="Pre_Q12_SPECSIG"/><signal id="Pre_Q13_SPECSIG"/><signal id="Pre_Q14_SPECSIG"/><signal id="Pre_Q15_SPECSIG"/><signal id="Pre_Q16_SPECSIG"/><signal id="Pre_Q17_SPECSIG"/><signal id="Pre_Q1_SPECSIG"/><signal id="Pre_Q2_SPECSIG"/><signal id="Pre_Q3_SPECSIG"/><signal id="Pre_Q4_SPECSIG"/><signal id="Pre_Q5_SPECSIG"/><signal id="Pre_Q6_SPECSIG"/><signal id="Pre_Q7_SPECSIG"/><signal id="Pre_Q8_SPECSIG"/><signal id="Pre_Q9_SPECSIG"/></pterm><pterm id="FB1_11_1"><signal id="Pre_Q0_SPECSIG"/><signal id="Pre_Q10_SPECSIG"/><signal id="Pre_Q11_SPECSIG"/><signal id="Pre_Q12_SPECSIG"/><signal id="Pre_Q13_SPECSIG"/><signal id="Pre_Q14_SPECSIG"/><signal id="Pre_Q15_SPECSIG"/><signal id="Pre_Q16_SPECSIG"/><signal id="Pre_Q1_SPECSIG"/><signal id="Pre_Q2_SPECSIG"/><signal id="Pre_Q3_SPECSIG"/><signal id="Pre_Q4_SPECSIG"/><signal id="Pre_Q5_SPECSIG"/><signal id="Pre_Q6_SPECSIG"/><signal id="Pre_Q7_SPECSIG"/><signal id="Pre_Q8_SPECSIG"/><signal id="Pre_Q9_SPECSIG"/></pterm><pterm id="FB1_12_1"><signal id="Pre_Q0_SPECSIG"/><signal id="Pre_Q10_SPECSIG"/><signal id="Pre_Q11_SPECSIG"/><signal id="Pre_Q12_SPECSIG"/><signal id="Pre_Q13_SPECSIG"/><signal id="Pre_Q14_SPECSIG"/><signal id="Pre_Q15_SPECSIG"/><signal id="Pre_Q1_SPECSIG"/><signal id="Pre_Q2_SPECSIG"/><signal id="Pre_Q3_SPECSIG"/><signal id="Pre_Q4_SPECSIG"/><signal id="Pre_Q5_SPECSIG"/><signal id="Pre_Q6_SPECSIG"/><signal id="Pre_Q7_SPECSIG"/><signal id="Pre_Q8_SPECSIG"/><signal id="Pre_Q9_SPECSIG"/></pterm><pterm id="FB1_13_1"><signal id="Pre_Q0_SPECSIG"/><signal id="Pre_Q10_SPECSIG"/><signal id="Pre_Q11_SPECSIG"/><signal id="Pre_Q12_SPECSIG"/><signal id="Pre_Q13_SPECSIG"/><signal id="Pre_Q14_SPECSIG"/><signal id="Pre_Q1_SPECSIG"/><signal id="Pre_Q2_SPECSIG"/><signal id="Pre_Q3_SPECSIG"/><signal id="Pre_Q4_SPECSIG"/><signal id="Pre_Q5_SPECSIG"/><signal id="Pre_Q6_SPECSIG"/><signal id="Pre_Q7_SPECSIG"/><signal id="Pre_Q8_SPECSIG"/><signal id="Pre_Q9_SPECSIG"/></pterm><pterm id="FB1_14_1"><signal id="Pre_Q0_SPECSIG"/><signal id="Pre_Q10_SPECSIG"/><signal id="Pre_Q11_SPECSIG"/><signal id="Pre_Q12_SPECSIG"/><signal id="Pre_Q13_SPECSIG"/><signal id="Pre_Q1_SPECSIG"/><signal id="Pre_Q2_SPECSIG"/><signal id="Pre_Q3_SPECSIG"/><signal id="Pre_Q4_SPECSIG"/><signal id="Pre_Q5_SPECSIG"/><signal id="Pre_Q6_SPECSIG"/><signal id="Pre_Q7_SPECSIG"/><signal id="Pre_Q8_SPECSIG"/><signal id="Pre_Q9_SPECSIG"/></pterm><pterm id="FB1_15_1"><signal id="Pre_Q0_SPECSIG"/><signal id="Pre_Q10_SPECSIG"/><signal id="Pre_Q11_SPECSIG"/><signal id="Pre_Q12_SPECSIG"/><signal id="Pre_Q1_SPECSIG"/><signal id="Pre_Q2_SPECSIG"/><signal id="Pre_Q3_SPECSIG"/><signal id="Pre_Q4_SPECSIG"/><signal id="Pre_Q5_SPECSIG"/><signal id="Pre_Q6_SPECSIG"/><signal id="Pre_Q7_SPECSIG"/><signal id="Pre_Q8_SPECSIG"/><signal id="Pre_Q9_SPECSIG"/></pterm><pterm id="FB1_16_1"><signal id="Pre_Q0_SPECSIG"/><signal id="Pre_Q10_SPECSIG"/><signal id="Pre_Q11_SPECSIG"/><signal id="Pre_Q1_SPECSIG"/><signal id="Pre_Q2_SPECSIG"/><signal id="Pre_Q3_SPECSIG"/><signal id="Pre_Q4_SPECSIG"/><signal id="Pre_Q5_SPECSIG"/><signal id="Pre_Q6_SPECSIG"/><signal id="Pre_Q7_SPECSIG"/><signal id="Pre_Q8_SPECSIG"/><signal id="Pre_Q9_SPECSIG"/></pterm><pterm id="FB1_17_1"><signal id="Pre_Q0_SPECSIG"/><signal id="Pre_Q10_SPECSIG"/><signal id="Pre_Q1_SPECSIG"/><signal id="Pre_Q2_SPECSIG"/><signal id="Pre_Q3_SPECSIG"/><signal id="Pre_Q4_SPECSIG"/><signal id="Pre_Q5_SPECSIG"/><signal id="Pre_Q6_SPECSIG"/><signal id="Pre_Q7_SPECSIG"/><signal id="Pre_Q8_SPECSIG"/><signal id="Pre_Q9_SPECSIG"/></pterm><pterm id="FB1_18_1"><signal id="Pre_Q0_SPECSIG"/><signal id="Pre_Q1_SPECSIG"/><signal id="Pre_Q2_SPECSIG"/><signal id="Pre_Q3_SPECSIG"/><signal id="Pre_Q4_SPECSIG"/><signal id="Pre_Q5_SPECSIG"/><signal id="Pre_Q6_SPECSIG"/><signal id="Pre_Q7_SPECSIG"/><signal id="Pre_Q8_SPECSIG"/><signal id="Pre_Q9_SPECSIG"/></pterm><equation id="Pre_Q9_SPECSIG" regUse="T"><d2><eq_pterm ptindx="FB1_1_1"/></d2><clk><fastsig signal="clock"/></clk><prld ptindx="GND"/></equation><equation id="Pre_Q8_SPECSIG" regUse="T"><d2><eq_pterm ptindx="FB1_2_1"/></d2><clk><fastsig signal="clock"/></clk><prld ptindx="GND"/></equation><equation id="Pre_Q25_SPECSIG" regUse="T"><d2><eq_pterm ptindx="FB1_3_1"/></d2><clk><fastsig signal="clock"/></clk><prld ptindx="GND"/></equation><equation id="Pre_Q24_SPECSIG" regUse="T"><d2><eq_pterm ptindx="FB1_4_1"/></d2><clk><fastsig signal="clock"/></clk><prld ptindx="GND"/></equation><equation id="Pre_Q23_SPECSIG" regUse="T"><d2><eq_pterm ptindx="FB1_5_1"/></d2><clk><fastsig signal="clock"/></clk><prld ptindx="GND"/></equation><equation id="Pre_Q22_SPECSIG" regUse="T"><d2><eq_pterm ptindx="FB1_6_1"/></d2><clk><fastsig signal="clock"/></clk><prld ptindx="GND"/></equation><equation id="Pre_Q21_SPECSIG" regUse="T"><d2><eq_pterm ptindx="FB1_7_1"/></d2><clk><fastsig signal="clock"/></clk><prld ptindx="GND"/></equation><equation id="Pre_Q20_SPECSIG" regUse="T"><d2><eq_pterm ptindx="FB1_8_1"/></d2><clk><fastsig signal="clock"/></clk><prld ptindx="GND"/></equation><equation id="Pre_Q19_SPECSIG" regUse="T"><d2><eq_pterm ptindx="FB1_9_1"/></d2><clk><fastsig signal="clock"/></clk><prld ptindx="GND"/></equation><equation id="Pre_Q18_SPECSIG" regUse="T"><d2><eq_pterm ptindx="FB1_10_1"/></d2><clk><fastsig signal="clock"/></clk><prld ptindx="GND"/></equation><equation id="Pre_Q17_SPECSIG" regUse="T"><d2><eq_pterm ptindx="FB1_11_1"/></d2><clk><fastsig signal="clock"/></clk><prld ptindx="GND"/></equation><equation id="Pre_Q16_SPECSIG" regUse="T"><d2><eq_pterm ptindx="FB1_12_1"/></d2><clk><fastsig signal="clock"/></clk><prld ptindx="GND"/></equation><equation id="Pre_Q15_SPECSIG" regUse="T"><d2><eq_pterm ptindx="FB1_13_1"/></d2><clk><fastsig signal="clock"/></clk><prld ptindx="GND"/></equation><equation id="Pre_Q14_SPECSIG" regUse="T"><d2><eq_pterm ptindx="FB1_14_1"/></d2><clk><fastsig signal="clock"/></clk><prld ptindx="GND"/></equation><equation id="Pre_Q13_SPECSIG" regUse="T"><d2><eq_pterm ptindx="FB1_15_1"/></d2><clk><fastsig signal="clock"/></clk><prld ptindx="GND"/></equation><equation id="Pre_Q12_SPECSIG" regUse="T"><d2><eq_pterm ptindx="FB1_16_1"/></d2><clk><fastsig signal="clock"/></clk><prld ptindx="GND"/></equation><equation id="Pre_Q11_SPECSIG" regUse="T"><d2><eq_pterm ptindx="FB1_17_1"/></d2><clk><fastsig signal="clock"/></clk><prld ptindx="GND"/></equation><equation id="Pre_Q10_SPECSIG" regUse="T"><d2><eq_pterm ptindx="FB1_18_1"/></d2><clk><fastsig signal="clock"/></clk><prld ptindx="GND"/></equation></fblock><fblock id="FB2" inputUse="27" pinUse="4"><macrocell id="FB2_MC1"/><macrocell id="FB2_MC2" pin="FB2_MC2_PIN29"/><macrocell id="FB2_MC3"/><macrocell id="FB2_MC4"/><macrocell id="FB2_MC5" pin="FB2_MC5_PIN30"/><macrocell id="FB2_MC6" pin="FB2_MC6_PIN31" sigUse="26" signal="LED3_SPECSIG"><pterms pt1="FB2_6_1"/></macrocell><macrocell id="FB2_MC7"/><macrocell id="FB2_MC8" pin="FB2_MC8_PIN32" sigUse="27" signal="LED2_SPECSIG"><pterms pt1="FB2_8_1" pt2="FB2_8_2"/></macrocell><macrocell id="FB2_MC9" pin="FB2_MC9_PIN33" sigUse="27" signal="LED1_SPECSIG"><pterms pt1="FB2_9_1" pt2="FB2_9_2"/></macrocell><macrocell id="FB2_MC10"/><macrocell id="FB2_MC11" pin="FB2_MC11_PIN34" sigUse="27" signal="LED0_SPECSIG"><pterms pt1="FB2_11_1" pt2="FB2_11_2"/></macrocell><macrocell id="FB2_MC12"/><macrocell id="FB2_MC13"/><macrocell id="FB2_MC14" pin="FB2_MC14_PIN36"/><macrocell id="FB2_MC15" pin="FB2_MC15_PIN37"/><macrocell id="FB2_MC16"/><macrocell id="FB2_MC17" pin="FB2_MC17_PIN38"/><macrocell id="FB2_MC18"/><fbinput id="FB2_I1" signal="LED3_SPECSIG"/><fbinput id="FB2_I2" signal="Pre_Q0_SPECSIG"/><fbinput id="FB2_I3" signal="Pre_Q10_SPECSIG"/><fbinput id="FB2_I4" signal="Pre_Q11_SPECSIG"/><fbinput id="FB2_I5" signal="Pre_Q12_SPECSIG"/><fbinput id="FB2_I6" signal="Pre_Q13_SPECSIG"/><fbinput id="FB2_I7" signal="Pre_Q14_SPECSIG"/><fbinput id="FB2_I8" signal="Pre_Q15_SPECSIG"/><fbinput id="FB2_I9" signal="Pre_Q16_SPECSIG"/><fbinput id="FB2_I10" signal="Pre_Q17_SPECSIG"/><fbinput id="FB2_I11" signal="Pre_Q18_SPECSIG"/><fbinput id="FB2_I12" signal="Pre_Q19_SPECSIG"/><fbinput id="FB2_I13" signal="Pre_Q1_SPECSIG"/><fbinput id="FB2_I14" signal="Pre_Q20_SPECSIG"/><fbinput id="FB2_I15" signal="Pre_Q21_SPECSIG"/><fbinput id="FB2_I16" signal="Pre_Q22_SPECSIG"/><fbinput id="FB2_I17" signal="Pre_Q23_SPECSIG"/><fbinput id="FB2_I18" signal="Pre_Q24_SPECSIG"/><fbinput id="FB2_I19" signal="Pre_Q25_SPECSIG"/><fbinput id="FB2_I20" signal="Pre_Q2_SPECSIG"/><fbinput id="FB2_I21" signal="Pre_Q3_SPECSIG"/><fbinput id="FB2_I22" signal="Pre_Q4_SPECSIG"/><fbinput id="FB2_I23" signal="Pre_Q5_SPECSIG"/><fbinput id="FB2_I24" signal="Pre_Q6_SPECSIG"/><fbinput id="FB2_I25" signal="Pre_Q7_SPECSIG"/><fbinput id="FB2_I26" signal="Pre_Q8_SPECSIG"/><fbinput id="FB2_I27" signal="Pre_Q9_SPECSIG"/><pterm id="FB2_6_1"><signal id="Pre_Q0_SPECSIG"/><signal id="Pre_Q10_SPECSIG"/><signal id="Pre_Q11_SPECSIG"/><signal id="Pre_Q12_SPECSIG"/><signal id="Pre_Q13_SPECSIG"/><signal id="Pre_Q14_SPECSIG"/><signal id="Pre_Q15_SPECSIG"/><signal id="Pre_Q16_SPECSIG"/><signal id="Pre_Q17_SPECSIG"/><signal id="Pre_Q18_SPECSIG"/><signal id="Pre_Q19_SPECSIG"/><signal id="Pre_Q1_SPECSIG"/><signal id="Pre_Q20_SPECSIG"/><signal id="Pre_Q21_SPECSIG"/><signal id="Pre_Q22_SPECSIG"/><signal id="Pre_Q23_SPECSIG"/><signal id="Pre_Q24_SPECSIG"/><signal id="Pre_Q25_SPECSIG"/><signal id="Pre_Q2_SPECSIG"/><signal id="Pre_Q3_SPECSIG"/><signal id="Pre_Q4_SPECSIG"/><signal id="Pre_Q5_SPECSIG"/><signal id="Pre_Q6_SPECSIG"/><signal id="Pre_Q7_SPECSIG"/><signal id="Pre_Q8_SPECSIG"/><signal id="Pre_Q9_SPECSIG"/></pterm><pterm id="FB2_8_1"><signal id="Pre_Q0_SPECSIG"/><signal id="Pre_Q10_SPECSIG"/><signal id="Pre_Q11_SPECSIG"/><signal id="Pre_Q12_SPECSIG"/><signal id="Pre_Q13_SPECSIG"/><signal id="Pre_Q14_SPECSIG"/><signal id="Pre_Q15_SPECSIG"/><signal id="Pre_Q16_SPECSIG"/><signal id="Pre_Q17_SPECSIG"/><signal id="Pre_Q18_SPECSIG"/><signal id="Pre_Q19_SPECSIG"/><signal id="Pre_Q1_SPECSIG"/><signal id="Pre_Q20_SPECSIG"/><signal id="Pre_Q21_SPECSIG"/><signal id="Pre_Q22_SPECSIG"/><signal id="Pre_Q23_SPECSIG"/><signal id="Pre_Q24_SPECSIG"/><signal id="Pre_Q25_SPECSIG"/><signal id="Pre_Q2_SPECSIG"/><signal id="Pre_Q3_SPECSIG"/><signal id="Pre_Q4_SPECSIG"/><signal id="Pre_Q5_SPECSIG"/><signal id="Pre_Q6_SPECSIG"/><signal id="Pre_Q7_SPECSIG"/><signal id="Pre_Q8_SPECSIG"/><signal id="Pre_Q9_SPECSIG"/></pterm><pterm id="FB2_8_2"><signal id="LED3_SPECSIG"/></pterm><pterm id="FB2_9_1"><signal id="Pre_Q0_SPECSIG"/><signal id="Pre_Q10_SPECSIG"/><signal id="Pre_Q11_SPECSIG"/><signal id="Pre_Q12_SPECSIG"/><signal id="Pre_Q13_SPECSIG"/><signal id="Pre_Q14_SPECSIG"/><signal id="Pre_Q15_SPECSIG"/><signal id="Pre_Q16_SPECSIG"/><signal id="Pre_Q17_SPECSIG"/><signal id="Pre_Q18_SPECSIG"/><signal id="Pre_Q19_SPECSIG"/><signal id="Pre_Q1_SPECSIG"/><signal id="Pre_Q20_SPECSIG"/><signal id="Pre_Q21_SPECSIG"/><signal id="Pre_Q22_SPECSIG"/><signal id="Pre_Q23_SPECSIG"/><signal id="Pre_Q24_SPECSIG"/><signal id="Pre_Q25_SPECSIG"/><signal id="Pre_Q2_SPECSIG"/><signal id="Pre_Q3_SPECSIG"/><signal id="Pre_Q4_SPECSIG"/><signal id="Pre_Q5_SPECSIG"/><signal id="Pre_Q6_SPECSIG"/><signal id="Pre_Q7_SPECSIG"/><signal id="Pre_Q8_SPECSIG"/><signal id="Pre_Q9_SPECSIG"/></pterm><pterm id="FB2_9_2"><signal id="LED3_SPECSIG"/></pterm><pterm id="FB2_11_1"><signal id="Pre_Q0_SPECSIG"/><signal id="Pre_Q10_SPECSIG"/><signal id="Pre_Q11_SPECSIG"/><signal id="Pre_Q12_SPECSIG"/><signal id="Pre_Q13_SPECSIG"/><signal id="Pre_Q14_SPECSIG"/><signal id="Pre_Q15_SPECSIG"/><signal id="Pre_Q16_SPECSIG"/><signal id="Pre_Q17_SPECSIG"/><signal id="Pre_Q18_SPECSIG"/><signal id="Pre_Q19_SPECSIG"/><signal id="Pre_Q1_SPECSIG"/><signal id="Pre_Q20_SPECSIG"/><signal id="Pre_Q21_SPECSIG"/><signal id="Pre_Q22_SPECSIG"/><signal id="Pre_Q23_SPECSIG"/><signal id="Pre_Q24_SPECSIG"/><signal id="Pre_Q25_SPECSIG"/><signal id="Pre_Q2_SPECSIG"/><signal id="Pre_Q3_SPECSIG"/><signal id="Pre_Q4_SPECSIG"/><signal id="Pre_Q5_SPECSIG"/><signal id="Pre_Q6_SPECSIG"/><signal id="Pre_Q7_SPECSIG"/><signal id="Pre_Q8_SPECSIG"/><signal id="Pre_Q9_SPECSIG"/></pterm><pterm id="FB2_11_2"><signal id="LED3_SPECSIG"/></pterm><equation id="LED3_SPECSIG" regUse="T" userloc="P31"><d2><eq_pterm ptindx="FB2_6_1"/></d2><clk><fastsig signal="clock"/></clk><prld ptindx="GND"/></equation><equation id="LED2_SPECSIG" regUse="D" userloc="P32"><d1><eq_pterm ptindx="FB2_8_1"/></d1><d2><eq_pterm ptindx="FB2_8_2"/></d2><clk><fastsig signal="clock"/></clk><prld ptindx="GND"/></equation><equation id="LED1_SPECSIG" regUse="D" userloc="P33"><d1><eq_pterm ptindx="FB2_9_1"/></d1><d2><eq_pterm ptindx="FB2_9_2"/></d2><clk><fastsig signal="clock"/></clk><prld ptindx="GND"/></equation><equation id="LED0_SPECSIG" regUse="D" userloc="P34"><d1><eq_pterm ptindx="FB2_11_1"/></d1><d2><eq_pterm ptindx="FB2_11_2"/></d2><clk><fastsig signal="clock"/></clk><prld ptindx="GND"/></equation></fblock><fblock id="FB3" inputUse="7" pinUse="0"><macrocell id="FB3_MC1"/><macrocell id="FB3_MC2" pin="FB3_MC2_PIN5"/><macrocell id="FB3_MC3"/><macrocell id="FB3_MC4"/><macrocell id="FB3_MC5" pin="FB3_MC5_PIN6"/><macrocell id="FB3_MC6"/><macrocell id="FB3_MC7"/><macrocell id="FB3_MC8" pin="FB3_MC8_PIN7"/><macrocell id="FB3_MC9" pin="FB3_MC9_PIN8"/><macrocell id="FB3_MC10"/><macrocell id="FB3_MC11" pin="FB3_MC11_PIN12" sigUse="7" signal="Pre_Q7_SPECSIG"><pterms pt1="FB3_11_1"/></macrocell><macrocell id="FB3_MC12" sigUse="6" signal="Pre_Q6_SPECSIG"><pterms pt1="FB3_12_1"/></macrocell><macrocell id="FB3_MC13" sigUse="5" signal="Pre_Q5_SPECSIG"><pterms pt1="FB3_13_1"/></macrocell><macrocell id="FB3_MC14" pin="FB3_MC14_PIN13" sigUse="4" signal="Pre_Q4_SPECSIG"><pterms pt1="FB3_14_1"/></macrocell><macrocell id="FB3_MC15" pin="FB3_MC15_PIN14" sigUse="3" signal="Pre_Q3_SPECSIG"><pterms pt1="FB3_15_1"/></macrocell><macrocell id="FB3_MC16" pin="FB3_MC16_PIN18" sigUse="2" signal="Pre_Q2_SPECSIG"><pterms pt1="FB3_16_1"/></macrocell><macrocell id="FB3_MC17" pin="FB3_MC17_PIN16" sigUse="1" signal="Pre_Q1_SPECSIG"><pterms pt1="FB3_17_1"/></macrocell><macrocell id="FB3_MC18" sigUse="0" signal="Pre_Q0_SPECSIG"/><fbinput id="FB3_I1" signal="Pre_Q0_SPECSIG"/><fbinput id="FB3_I2" signal="Pre_Q1_SPECSIG"/><fbinput id="FB3_I3" signal="Pre_Q2_SPECSIG"/><fbinput id="FB3_I4" signal="Pre_Q3_SPECSIG"/><fbinput id="FB3_I5" signal="Pre_Q4_SPECSIG"/><fbinput id="FB3_I6" signal="Pre_Q5_SPECSIG"/><fbinput id="FB3_I7" signal="Pre_Q6_SPECSIG"/><pterm id="FB3_11_1"><signal id="Pre_Q0_SPECSIG"/><signal id="Pre_Q1_SPECSIG"/><signal id="Pre_Q2_SPECSIG"/><signal id="Pre_Q3_SPECSIG"/><signal id="Pre_Q4_SPECSIG"/><signal id="Pre_Q5_SPECSIG"/><signal id="Pre_Q6_SPECSIG"/></pterm><pterm id="FB3_12_1"><signal id="Pre_Q0_SPECSIG"/><signal id="Pre_Q1_SPECSIG"/><signal id="Pre_Q2_SPECSIG"/><signal id="Pre_Q3_SPECSIG"/><signal id="Pre_Q4_SPECSIG"/><signal id="Pre_Q5_SPECSIG"/></pterm><pterm id="FB3_13_1"><signal id="Pre_Q0_SPECSIG"/><signal id="Pre_Q1_SPECSIG"/><signal id="Pre_Q2_SPECSIG"/><signal id="Pre_Q3_SPECSIG"/><signal id="Pre_Q4_SPECSIG"/></pterm><pterm id="FB3_14_1"><signal id="Pre_Q0_SPECSIG"/><signal id="Pre_Q1_SPECSIG"/><signal id="Pre_Q2_SPECSIG"/><signal id="Pre_Q3_SPECSIG"/></pterm><pterm id="FB3_15_1"><signal id="Pre_Q0_SPECSIG"/><signal id="Pre_Q1_SPECSIG"/><signal id="Pre_Q2_SPECSIG"/></pterm><pterm id="FB3_16_1"><signal id="Pre_Q0_SPECSIG"/><signal id="Pre_Q1_SPECSIG"/></pterm><pterm id="FB3_17_1"><signal id="Pre_Q0_SPECSIG"/></pterm><equation id="Pre_Q7_SPECSIG" regUse="T"><d2><eq_pterm ptindx="FB3_11_1"/></d2><clk><fastsig signal="clock"/></clk><prld ptindx="GND"/></equation><equation id="Pre_Q6_SPECSIG" regUse="T"><d2><eq_pterm ptindx="FB3_12_1"/></d2><clk><fastsig signal="clock"/></clk><prld ptindx="GND"/></equation><equation id="Pre_Q5_SPECSIG" regUse="T"><d2><eq_pterm ptindx="FB3_13_1"/></d2><clk><fastsig signal="clock"/></clk><prld ptindx="GND"/></equation><equation id="Pre_Q4_SPECSIG" regUse="T"><d2><eq_pterm ptindx="FB3_14_1"/></d2><clk><fastsig signal="clock"/></clk><prld ptindx="GND"/></equation><equation id="Pre_Q3_SPECSIG" regUse="T"><d2><eq_pterm ptindx="FB3_15_1"/></d2><clk><fastsig signal="clock"/></clk><prld ptindx="GND"/></equation><equation id="Pre_Q2_SPECSIG" regUse="T"><d2><eq_pterm ptindx="FB3_16_1"/></d2><clk><fastsig signal="clock"/></clk><prld ptindx="GND"/></equation><equation id="Pre_Q1_SPECSIG" regUse="T"><d2><eq_pterm ptindx="FB3_17_1"/></d2><clk><fastsig signal="clock"/></clk><prld ptindx="GND"/></equation><equation id="Pre_Q0_SPECSIG" regUse="T"><d2><eq_pterm ptindx="VCC"/></d2><clk><fastsig signal="clock"/></clk><prld ptindx="GND"/></equation></fblock><fblock id="FB4" inputUse="0" pinUse="0"><macrocell id="FB4_MC1"/><macrocell id="FB4_MC2" pin="FB4_MC2_PIN19"/><macrocell id="FB4_MC3"/><macrocell id="FB4_MC4"/><macrocell id="FB4_MC5" pin="FB4_MC5_PIN20"/><macrocell id="FB4_MC6"/><macrocell id="FB4_MC7"/><macrocell id="FB4_MC8" pin="FB4_MC8_PIN21"/><macrocell id="FB4_MC9"/><macrocell id="FB4_MC10"/><macrocell id="FB4_MC11" pin="FB4_MC11_PIN22"/><macrocell id="FB4_MC12"/><macrocell id="FB4_MC13"/><macrocell id="FB4_MC14" pin="FB4_MC14_PIN23"/><macrocell id="FB4_MC15" pin="FB4_MC15_PIN27"/><macrocell id="FB4_MC16"/><macrocell id="FB4_MC17" pin="FB4_MC17_PIN28"/><macrocell id="FB4_MC18"/></fblock><vcc/><gnd/><messages><warning>Cpld - Unable to retrieve the path to the iSE Project Repository. Will   use the default filename of 'led1.ise'.INFO:Cpld - Inferring BUFG constraint for signal 'clock' based upon the LOC   constraint 'P1'. It is recommended that you declare this BUFG explicitedly in   your design. Note that for certain device families the output of a BUFG   constraint can not drive a gated clock, and the BUFG constraint will be   ignored.</warning></messages><compOpts exhaust="OFF" gclkopt="ON" gsropt="ON" gtsopt="ON" ignorets="OFF" inputs="54" keepio="OFF" loc="ON" mlopt="ON" optimize="SPEED" part="xc9572xl-10-VQ44" power="STD" prld="LOW" pterms="25" slew="FAST" terminate="KEEPER" unused="OFF" wysiwyg="OFF"/><specSig signal="b_SPECSIG" value="(b)"/><specSig signal="Pre_Q8_SPECSIG" value="Pre_Q&lt;8&gt;"/><specSig signal="Pre_Q23_SPECSIG" value="Pre_Q&lt;23&gt;"/><specSig signal="Pre_Q22_SPECSIG" value="Pre_Q&lt;22&gt;"/><specSig signal="Pre_Q20_SPECSIG" value="Pre_Q&lt;20&gt;"/><specSig signal="Pre_Q19_SPECSIG" value="Pre_Q&lt;19&gt;"/><specSig signal="Pre_Q17_SPECSIG" value="Pre_Q&lt;17&gt;"/><specSig signal="Pre_Q13_SPECSIG" value="Pre_Q&lt;13&gt;"/><specSig signal="Pre_Q11_SPECSIG" value="Pre_Q&lt;11&gt;"/><specSig signal="LED3_SPECSIG" value="LED&lt;3&gt;"/><specSig signal="LED2_SPECSIG" value="LED&lt;2&gt;"/><specSig signal="LED1_SPECSIG" value="LED&lt;1&gt;"/><specSig signal="LED0_SPECSIG" value="LED&lt;0&gt;"/><specSig signal="Pre_Q7_SPECSIG" value="Pre_Q&lt;7&gt;"/><specSig signal="Pre_Q4_SPECSIG" value="Pre_Q&lt;4&gt;"/><specSig signal="Pre_Q3_SPECSIG" value="Pre_Q&lt;3&gt;"/><specSig signal="Pre_Q2_SPECSIG" value="Pre_Q&lt;2&gt;"/><specSig signal="Pre_Q1_SPECSIG" value="Pre_Q&lt;1&gt;"/><specSig signal="Pre_Q9_SPECSIG" value="Pre_Q&lt;9&gt;"/><specSig signal="Pre_Q25_SPECSIG" value="Pre_Q&lt;25&gt;"/><specSig signal="Pre_Q24_SPECSIG" value="Pre_Q&lt;24&gt;"/><specSig signal="Pre_Q21_SPECSIG" value="Pre_Q&lt;21&gt;"/><specSig signal="Pre_Q18_SPECSIG" value="Pre_Q&lt;18&gt;"/><specSig signal="Pre_Q16_SPECSIG" value="Pre_Q&lt;16&gt;"/><specSig signal="Pre_Q15_SPECSIG" value="Pre_Q&lt;15&gt;"/><specSig signal="Pre_Q14_SPECSIG" value="Pre_Q&lt;14&gt;"/><specSig signal="Pre_Q12_SPECSIG" value="Pre_Q&lt;12&gt;"/><specSig signal="Pre_Q10_SPECSIG" value="Pre_Q&lt;10&gt;"/><specSig signal="Pre_Q0_SPECSIG" value="Pre_Q&lt;0&gt;"/><specSig signal="Pre_Q5_SPECSIG" value="Pre_Q&lt;5&gt;"/><specSig signal="Pre_Q6_SPECSIG" value="Pre_Q&lt;6&gt;"/></document>
