<?xml version='1.0' encoding='utf-8' ?>
<!DOCTYPE document SYSTEM "file:///D:/Xilinx/14.7/ISE_DS/ISE/xc9500xl/data/xmlReport9kxl.dtd">
<document><ascFile>I2C_pulldown.rpt</ascFile><devFile>D:/Xilinx/14.7/ISE_DS/ISE/xc9500xl/data/xc9572xl.chp</devFile><mfdFile>I2C_pulldown.mfd</mfdFile><htmlFile logic_legend="logiclegend.htm" logo="xc9500xl_logo.jpg" pin_legend="pinlegend.htm"/><header date=" 8- 9-2017" design="I2C_pulldown" device="XC9572XL" eqnType="1" pkg="VQ44" speed="-10" status="1" statusStr="Successful" swVersion="P.20131013" time="  8:37AM" version="1.0"/><inputs id="tipka" userloc="P2"/><inputs id="SCL_IN" userloc="P21"/><global_inputs id="clock_50M" pinnum="GCK3" use="GCK3" userloc="P1"/><pin id="FB1_MC2_PIN39" pinnum="39"/><pin id="FB1_MC5_PIN40" pinnum="40"/><pin id="FB1_MC6_PIN41" pinnum="41"/><pin id="FB1_MC8_PIN42" pinnum="42" signal="SCL" use="b_SPECSIG"/><pin id="FB1_MC9_PIN43" pinnum="43" signal="Pre_Q3_SPECSIG" use="b_SPECSIG"/><pin id="FB1_MC11_PIN44" pinnum="44" signal="Pre_Q1_SPECSIG" use="b_SPECSIG"/><pin id="FB1_MC14_PIN1" pinnum="1" signal="clock_50M" use="GCK"/><pin id="FB1_MC15_PIN2" pinnum="2" signal="tipka" use="I"/><pin id="FB1_MC17_PIN3" pinnum="3" signal="cnt_clk1_SPECSIG" use="b_SPECSIG"/><pin id="FB2_MC2_PIN29" pinnum="29"/><pin id="FB2_MC5_PIN30" pinnum="30"/><pin id="FB2_MC6_PIN31" pinnum="31"/><pin id="FB2_MC8_PIN32" pinnum="32"/><pin id="FB2_MC9_PIN33" pinnum="33"/><pin id="FB2_MC11_PIN34" pinnum="34"/><pin id="FB2_MC14_PIN36" pinnum="36"/><pin id="FB2_MC15_PIN37" pinnum="37"/><pin id="FB2_MC17_PIN38" pinnum="38"/><pin id="FB3_MC2_PIN5" pinnum="5"/><pin id="FB3_MC5_PIN6" pinnum="6"/><pin id="FB3_MC8_PIN7" pinnum="7"/><pin id="FB3_MC9_PIN8" pinnum="8"/><pin id="FB3_MC11_PIN12" pinnum="12"/><pin id="FB3_MC14_PIN13" pinnum="13"/><pin id="FB3_MC15_PIN14" pinnum="14"/><pin id="FB3_MC16_PIN18" pinnum="18"/><pin id="FB3_MC17_PIN16" pinnum="16"/><pin id="FB4_MC2_PIN19" pinnum="19" signal="Pre_Q8_SPECSIG" use="b_SPECSIG"/><pin id="FB4_MC5_PIN20" pinnum="20" signal="SDA" use="O"/><pin id="FB4_MC8_PIN21" pinnum="21" signal="SCL_IN" use="I"/><pin id="FB4_MC11_PIN22" pinnum="22" signal="LED_zelena" use="O"/><pin id="FB4_MC14_PIN23" pinnum="23" signal="LED_rdeca" use="O"/><pin id="FB4_MC15_PIN27" pinnum="27" signal="Pre_Q10_SPECSIG" use="b_SPECSIG"/><pin id="FB4_MC17_PIN28" pinnum="28" signal="tipka_prej1" use="b_SPECSIG"/><fblock id="FB1" inputUse="12" pinUse="1"><macrocell id="FB1_MC1"/><macrocell id="FB1_MC2" pin="FB1_MC2_PIN39"/><macrocell id="FB1_MC3"/><macrocell id="FB1_MC4"/><macrocell id="FB1_MC5" pin="FB1_MC5_PIN40"/><macrocell id="FB1_MC6" pin="FB1_MC6_PIN41"/><macrocell id="FB1_MC7" sigUse="1" signal="cnt_clk0_SPECSIG"><pterms pt1="FB1_7_1"/></macrocell><macrocell id="FB1_MC8" pin="FB1_MC8_PIN42" sigUse="1" signal="SCL"><pterms pt1="FB1_8_1"/></macrocell><macrocell id="FB1_MC9" pin="FB1_MC9_PIN43" sigUse="3" signal="Pre_Q3_SPECSIG"><pterms pt1="FB1_9_1"/></macrocell><macrocell id="FB1_MC10" sigUse="2" signal="Pre_Q2_SPECSIG"><pterms pt1="FB1_10_1"/></macrocell><macrocell id="FB1_MC11" pin="FB1_MC11_PIN44" sigUse="1" signal="Pre_Q1_SPECSIG"><pterms pt1="FB1_11_1"/></macrocell><macrocell id="FB1_MC12" sigUse="0" signal="Pre_Q0_SPECSIG"/><macrocell id="FB1_MC13" sigUse="6" signal="cnt_clk5_SPECSIG"><pterms pt1="FB1_13_1" pt2="FB1_13_2"/></macrocell><macrocell id="FB1_MC14" pin="FB1_MC14_PIN1" sigUse="5" signal="cnt_clk4_SPECSIG"><pterms pt1="FB1_14_1" pt2="FB1_14_2"/></macrocell><macrocell id="FB1_MC15" pin="FB1_MC15_PIN2" sigUse="4" signal="cnt_clk3_SPECSIG"><pterms pt1="FB1_15_1" pt2="FB1_15_2"/></macrocell><macrocell id="FB1_MC16" sigUse="3" signal="cnt_clk2_SPECSIG"><pterms pt1="FB1_16_1" pt2="FB1_16_2"/></macrocell><macrocell id="FB1_MC17" pin="FB1_MC17_PIN3" sigUse="2" signal="cnt_clk1_SPECSIG"><pterms pt1="FB1_17_1" pt2="FB1_17_2"/></macrocell><macrocell id="FB1_MC18" sigUse="6" signal="OpTxINV3__INT_SPECSIG"><pterms pt1="FB1_18_1" pt2="FB1_18_2" pt3="FB1_18_3"/></macrocell><fbinput id="FB1_I1" signal="LED_rdeca"/><fbinput id="FB1_I2" signal="Pre_Q0_SPECSIG"/><fbinput id="FB1_I3" signal="Pre_Q1_SPECSIG"/><fbinput id="FB1_I4" signal="Pre_Q2_SPECSIG"/><fbinput id="FB1_I5" signal="SCL"/><fbinput id="FB1_I6" signal="SCL_IN"/><fbinput id="FB1_I7" signal="cnt_clk0_SPECSIG"/><fbinput id="FB1_I8" signal="cnt_clk1_SPECSIG"/><fbinput id="FB1_I9" signal="cnt_clk2_SPECSIG"/><fbinput id="FB1_I10" signal="cnt_clk3_SPECSIG"/><fbinput id="FB1_I11" signal="cnt_clk4_SPECSIG"/><fbinput id="FB1_I12" signal="cnt_clk5_SPECSIG"/><pterm id="FB1_7_1"><signal id="SCL" negated="ON"/></pterm><pterm id="FB1_8_1"><signal id="SCL_IN"/></pterm><pterm id="FB1_9_1"><signal id="Pre_Q0_SPECSIG"/><signal id="Pre_Q1_SPECSIG"/><signal id="Pre_Q2_SPECSIG"/></pterm><pterm id="FB1_10_1"><signal id="Pre_Q0_SPECSIG"/><signal id="Pre_Q1_SPECSIG"/></pterm><pterm id="FB1_11_1"><signal id="Pre_Q0_SPECSIG"/></pterm><pterm id="FB1_13_1"><signal id="cnt_clk0_SPECSIG"/><signal id="cnt_clk1_SPECSIG"/><signal id="cnt_clk2_SPECSIG"/><signal id="cnt_clk3_SPECSIG"/><signal id="cnt_clk4_SPECSIG"/></pterm><pterm id="FB1_13_2"><signal id="SCL" negated="ON"/></pterm><pterm id="FB1_14_1"><signal id="cnt_clk0_SPECSIG"/><signal id="cnt_clk1_SPECSIG"/><signal id="cnt_clk2_SPECSIG"/><signal id="cnt_clk3_SPECSIG"/></pterm><pterm id="FB1_14_2"><signal id="SCL" negated="ON"/></pterm><pterm id="FB1_15_1"><signal id="cnt_clk0_SPECSIG"/><signal id="cnt_clk1_SPECSIG"/><signal id="cnt_clk2_SPECSIG"/></pterm><pterm id="FB1_15_2"><signal id="SCL" negated="ON"/></pterm><pterm id="FB1_16_1"><signal id="cnt_clk0_SPECSIG"/><signal id="cnt_clk1_SPECSIG"/></pterm><pterm id="FB1_16_2"><signal id="SCL" negated="ON"/></pterm><pterm id="FB1_17_1"><signal id="cnt_clk0_SPECSIG"/></pterm><pterm id="FB1_17_2"><signal id="SCL" negated="ON"/></pterm><pterm id="FB1_18_1"><signal id="LED_rdeca" negated="ON"/></pterm><pterm id="FB1_18_2"><signal id="cnt_clk5_SPECSIG" negated="ON"/></pterm><pterm id="FB1_18_3"><signal id="cnt_clk1_SPECSIG" negated="ON"/><signal id="cnt_clk2_SPECSIG" negated="ON"/><signal id="cnt_clk3_SPECSIG" negated="ON"/><signal id="cnt_clk4_SPECSIG" negated="ON"/></pterm><equation id="cnt_clk0_SPECSIG" regUse="T"><d2><eq_pterm ptindx="VCC"/></d2><clk><eq_pterm ptindx="FB1_7_1"/></clk><prld ptindx="GND"/></equation><equation id="SCL" regUse="D"><d2><eq_pterm ptindx="FB1_8_1"/></d2><clk><fastsig signal="clock_50M"/></clk><prld ptindx="GND"/></equation><equation id="Pre_Q3_SPECSIG" regUse="T"><d2><eq_pterm ptindx="FB1_9_1"/></d2><clk><fastsig signal="clock_50M"/></clk><prld ptindx="GND"/></equation><equation id="Pre_Q2_SPECSIG" regUse="T"><d2><eq_pterm ptindx="FB1_10_1"/></d2><clk><fastsig signal="clock_50M"/></clk><prld ptindx="GND"/></equation><equation id="Pre_Q1_SPECSIG" regUse="T"><d2><eq_pterm ptindx="FB1_11_1"/></d2><clk><fastsig signal="clock_50M"/></clk><prld ptindx="GND"/></equation><equation id="Pre_Q0_SPECSIG" regUse="T"><d2><eq_pterm ptindx="VCC"/></d2><clk><fastsig signal="clock_50M"/></clk><prld ptindx="GND"/></equation><equation id="cnt_clk5_SPECSIG" regUse="T"><d2><eq_pterm ptindx="FB1_13_1"/></d2><clk><eq_pterm ptindx="FB1_13_2"/></clk><prld ptindx="GND"/></equation><equation id="cnt_clk4_SPECSIG" regUse="T"><d2><eq_pterm ptindx="FB1_14_1"/></d2><clk><eq_pterm ptindx="FB1_14_2"/></clk><prld ptindx="GND"/></equation><equation id="cnt_clk3_SPECSIG" regUse="T"><d2><eq_pterm ptindx="FB1_15_1"/></d2><clk><eq_pterm ptindx="FB1_15_2"/></clk><prld ptindx="GND"/></equation><equation id="cnt_clk2_SPECSIG" regUse="T"><d2><eq_pterm ptindx="FB1_16_1"/></d2><clk><eq_pterm ptindx="FB1_16_2"/></clk><prld ptindx="GND"/></equation><equation id="cnt_clk1_SPECSIG" regUse="T"><d2><eq_pterm ptindx="FB1_17_1"/></d2><clk><eq_pterm ptindx="FB1_17_2"/></clk><prld ptindx="GND"/></equation><equation id="OpTxINV3__INT_SPECSIG"><d2><eq_pterm ptindx="FB1_18_1"/><eq_pterm ptindx="FB1_18_2"/><eq_pterm ptindx="FB1_18_3"/></d2></equation></fblock><fblock id="FB2" inputUse="0" pinUse="0"><macrocell id="FB2_MC1"/><macrocell id="FB2_MC2" pin="FB2_MC2_PIN29"/><macrocell id="FB2_MC3"/><macrocell id="FB2_MC4"/><macrocell id="FB2_MC5" pin="FB2_MC5_PIN30"/><macrocell id="FB2_MC6" pin="FB2_MC6_PIN31"/><macrocell id="FB2_MC7"/><macrocell id="FB2_MC8" pin="FB2_MC8_PIN32"/><macrocell id="FB2_MC9" pin="FB2_MC9_PIN33"/><macrocell id="FB2_MC10"/><macrocell id="FB2_MC11" pin="FB2_MC11_PIN34"/><macrocell id="FB2_MC12"/><macrocell id="FB2_MC13"/><macrocell id="FB2_MC14" pin="FB2_MC14_PIN36"/><macrocell id="FB2_MC15" pin="FB2_MC15_PIN37"/><macrocell id="FB2_MC16"/><macrocell id="FB2_MC17" pin="FB2_MC17_PIN38"/><macrocell id="FB2_MC18"/></fblock><fblock id="FB3" inputUse="0" pinUse="0"><macrocell id="FB3_MC1"/><macrocell id="FB3_MC2" pin="FB3_MC2_PIN5"/><macrocell id="FB3_MC3"/><macrocell id="FB3_MC4"/><macrocell id="FB3_MC5" pin="FB3_MC5_PIN6"/><macrocell id="FB3_MC6"/><macrocell id="FB3_MC7"/><macrocell id="FB3_MC8" pin="FB3_MC8_PIN7"/><macrocell id="FB3_MC9" pin="FB3_MC9_PIN8"/><macrocell id="FB3_MC10"/><macrocell id="FB3_MC11" pin="FB3_MC11_PIN12"/><macrocell id="FB3_MC12"/><macrocell id="FB3_MC13"/><macrocell id="FB3_MC14" pin="FB3_MC14_PIN13"/><macrocell id="FB3_MC15" pin="FB3_MC15_PIN14"/><macrocell id="FB3_MC16" pin="FB3_MC16_PIN18"/><macrocell id="FB3_MC17" pin="FB3_MC17_PIN16"/><macrocell id="FB3_MC18"/></fblock><fblock id="FB4" inputUse="22" pinUse="4"><macrocell id="FB4_MC1" sigUse="9" signal="Pre_Q9_SPECSIG"><pterms pt1="FB4_1_1"/></macrocell><macrocell id="FB4_MC2" pin="FB4_MC2_PIN19" sigUse="8" signal="Pre_Q8_SPECSIG"><pterms pt1="FB4_2_1"/></macrocell><macrocell id="FB4_MC3" sigUse="7" signal="Pre_Q7_SPECSIG"><pterms pt1="FB4_3_1"/></macrocell><macrocell id="FB4_MC4" sigUse="6" signal="Pre_Q6_SPECSIG"><pterms pt1="FB4_4_1"/></macrocell><macrocell id="FB4_MC5" pin="FB4_MC5_PIN20" sigUse="1" signal="SDA"><pterms pt1="FB4_5_1"/></macrocell><macrocell id="FB4_MC6" sigUse="5" signal="Pre_Q5_SPECSIG"><pterms pt1="FB4_6_1"/></macrocell><macrocell id="FB4_MC7" sigUse="4" signal="Pre_Q4_SPECSIG"><pterms pt1="FB4_7_1"/></macrocell><macrocell id="FB4_MC8" pin="FB4_MC8_PIN21" sigUse="15" signal="Pre_Q15_SPECSIG"><pterms pt1="FB4_8_1"/></macrocell><macrocell id="FB4_MC9" sigUse="14" signal="Pre_Q14_SPECSIG"><pterms pt1="FB4_9_1"/></macrocell><macrocell id="FB4_MC10" sigUse="13" signal="Pre_Q13_SPECSIG"><pterms pt1="FB4_10_1"/></macrocell><macrocell id="FB4_MC11" pin="FB4_MC11_PIN22" sigUse="3" signal="LED_zelena"><pterms pt1="FB4_11_1" pt2="FB4_11_2"/></macrocell><macrocell id="FB4_MC12" sigUse="12" signal="Pre_Q12_SPECSIG"><pterms pt1="FB4_12_1"/></macrocell><macrocell id="FB4_MC13" sigUse="11" signal="Pre_Q11_SPECSIG"><pterms pt1="FB4_13_1"/></macrocell><macrocell id="FB4_MC14" pin="FB4_MC14_PIN23" sigUse="3" signal="LED_rdeca"><pterms pt1="FB4_14_1" pt2="FB4_14_2"/></macrocell><macrocell id="FB4_MC15" pin="FB4_MC15_PIN27" sigUse="10" signal="Pre_Q10_SPECSIG"><pterms pt1="FB4_15_1"/></macrocell><macrocell id="FB4_MC16" sigUse="17" signal="OpTxFX_DC4_SPECSIG"><pterms pt1="FB4_16_1" pt2="FB4_16_2"/></macrocell><macrocell id="FB4_MC17" pin="FB4_MC17_PIN28" sigUse="17" signal="tipka_prej1"><pterms pt1="FB4_17_1" pt2="FB4_17_2"/></macrocell><macrocell id="FB4_MC18" sigUse="17" signal="tipka_prej"><pterms pt1="FB4_18_1" pt2="FB4_18_2"/></macrocell><fbinput id="FB4_I1" signal="OpTxFX_DC4_SPECSIG"/><fbinput id="FB4_I2" signal="OpTxINV3__INT_SPECSIG"/><fbinput id="FB4_I3" signal="LED_rdeca"/><fbinput id="FB4_I4" signal="Pre_Q0_SPECSIG"/><fbinput id="FB4_I5" signal="Pre_Q10_SPECSIG"/><fbinput id="FB4_I6" signal="Pre_Q11_SPECSIG"/><fbinput id="FB4_I7" signal="Pre_Q12_SPECSIG"/><fbinput id="FB4_I8" signal="Pre_Q13_SPECSIG"/><fbinput id="FB4_I9" signal="Pre_Q14_SPECSIG"/><fbinput id="FB4_I10" signal="Pre_Q15_SPECSIG"/><fbinput id="FB4_I11" signal="Pre_Q1_SPECSIG"/><fbinput id="FB4_I12" signal="Pre_Q2_SPECSIG"/><fbinput id="FB4_I13" signal="Pre_Q3_SPECSIG"/><fbinput id="FB4_I14" signal="Pre_Q4_SPECSIG"/><fbinput id="FB4_I15" signal="Pre_Q5_SPECSIG"/><fbinput id="FB4_I16" signal="Pre_Q6_SPECSIG"/><fbinput id="FB4_I17" signal="Pre_Q7_SPECSIG"/><fbinput id="FB4_I18" signal="Pre_Q8_SPECSIG"/><fbinput id="FB4_I19" signal="Pre_Q9_SPECSIG"/><fbinput id="FB4_I20" signal="tipka"/><fbinput id="FB4_I21" signal="tipka_prej"/><fbinput id="FB4_I22" signal="tipka_prej1"/><pterm id="FB4_1_1"><signal id="Pre_Q0_SPECSIG"/><signal id="Pre_Q1_SPECSIG"/><signal id="Pre_Q2_SPECSIG"/><signal id="Pre_Q3_SPECSIG"/><signal id="Pre_Q4_SPECSIG"/><signal id="Pre_Q5_SPECSIG"/><signal id="Pre_Q6_SPECSIG"/><signal id="Pre_Q7_SPECSIG"/><signal id="Pre_Q8_SPECSIG"/></pterm><pterm id="FB4_2_1"><signal id="Pre_Q0_SPECSIG"/><signal id="Pre_Q1_SPECSIG"/><signal id="Pre_Q2_SPECSIG"/><signal id="Pre_Q3_SPECSIG"/><signal id="Pre_Q4_SPECSIG"/><signal id="Pre_Q5_SPECSIG"/><signal id="Pre_Q6_SPECSIG"/><signal id="Pre_Q7_SPECSIG"/></pterm><pterm id="FB4_3_1"><signal id="Pre_Q0_SPECSIG"/><signal id="Pre_Q1_SPECSIG"/><signal id="Pre_Q2_SPECSIG"/><signal id="Pre_Q3_SPECSIG"/><signal id="Pre_Q4_SPECSIG"/><signal id="Pre_Q5_SPECSIG"/><signal id="Pre_Q6_SPECSIG"/></pterm><pterm id="FB4_4_1"><signal id="Pre_Q0_SPECSIG"/><signal id="Pre_Q1_SPECSIG"/><signal id="Pre_Q2_SPECSIG"/><signal id="Pre_Q3_SPECSIG"/><signal id="Pre_Q4_SPECSIG"/><signal id="Pre_Q5_SPECSIG"/></pterm><pterm id="FB4_5_1"><signal id="OpTxINV3__INT_SPECSIG" negated="ON"/></pterm><pterm id="FB4_6_1"><signal id="Pre_Q0_SPECSIG"/><signal id="Pre_Q1_SPECSIG"/><signal id="Pre_Q2_SPECSIG"/><signal id="Pre_Q3_SPECSIG"/><signal id="Pre_Q4_SPECSIG"/></pterm><pterm id="FB4_7_1"><signal id="Pre_Q0_SPECSIG"/><signal id="Pre_Q1_SPECSIG"/><signal id="Pre_Q2_SPECSIG"/><signal id="Pre_Q3_SPECSIG"/></pterm><pterm id="FB4_8_1"><signal id="Pre_Q0_SPECSIG"/><signal id="Pre_Q10_SPECSIG"/><signal id="Pre_Q11_SPECSIG"/><signal id="Pre_Q12_SPECSIG"/><signal id="Pre_Q13_SPECSIG"/><signal id="Pre_Q14_SPECSIG"/><signal id="Pre_Q1_SPECSIG"/><signal id="Pre_Q2_SPECSIG"/><signal id="Pre_Q3_SPECSIG"/><signal id="Pre_Q4_SPECSIG"/><signal id="Pre_Q5_SPECSIG"/><signal id="Pre_Q6_SPECSIG"/><signal id="Pre_Q7_SPECSIG"/><signal id="Pre_Q8_SPECSIG"/><signal id="Pre_Q9_SPECSIG"/></pterm><pterm id="FB4_9_1"><signal id="Pre_Q0_SPECSIG"/><signal id="Pre_Q10_SPECSIG"/><signal id="Pre_Q11_SPECSIG"/><signal id="Pre_Q12_SPECSIG"/><signal id="Pre_Q13_SPECSIG"/><signal id="Pre_Q1_SPECSIG"/><signal id="Pre_Q2_SPECSIG"/><signal id="Pre_Q3_SPECSIG"/><signal id="Pre_Q4_SPECSIG"/><signal id="Pre_Q5_SPECSIG"/><signal id="Pre_Q6_SPECSIG"/><signal id="Pre_Q7_SPECSIG"/><signal id="Pre_Q8_SPECSIG"/><signal id="Pre_Q9_SPECSIG"/></pterm><pterm id="FB4_10_1"><signal id="Pre_Q0_SPECSIG"/><signal id="Pre_Q10_SPECSIG"/><signal id="Pre_Q11_SPECSIG"/><signal id="Pre_Q12_SPECSIG"/><signal id="Pre_Q1_SPECSIG"/><signal id="Pre_Q2_SPECSIG"/><signal id="Pre_Q3_SPECSIG"/><signal id="Pre_Q4_SPECSIG"/><signal id="Pre_Q5_SPECSIG"/><signal id="Pre_Q6_SPECSIG"/><signal id="Pre_Q7_SPECSIG"/><signal id="Pre_Q8_SPECSIG"/><signal id="Pre_Q9_SPECSIG"/></pterm><pterm id="FB4_11_1"><signal id="tipka"/><signal id="tipka_prej1" negated="ON"/><signal id="OpTxFX_DC4_SPECSIG" negated="ON"/></pterm><pterm id="FB4_11_2"><signal id="tipka"/><signal id="tipka_prej1" negated="ON"/><signal id="OpTxFX_DC4_SPECSIG"/></pterm><pterm id="FB4_12_1"><signal id="Pre_Q0_SPECSIG"/><signal id="Pre_Q10_SPECSIG"/><signal id="Pre_Q11_SPECSIG"/><signal id="Pre_Q1_SPECSIG"/><signal id="Pre_Q2_SPECSIG"/><signal id="Pre_Q3_SPECSIG"/><signal id="Pre_Q4_SPECSIG"/><signal id="Pre_Q5_SPECSIG"/><signal id="Pre_Q6_SPECSIG"/><signal id="Pre_Q7_SPECSIG"/><signal id="Pre_Q8_SPECSIG"/><signal id="Pre_Q9_SPECSIG"/></pterm><pterm id="FB4_13_1"><signal id="Pre_Q0_SPECSIG"/><signal id="Pre_Q10_SPECSIG"/><signal id="Pre_Q1_SPECSIG"/><signal id="Pre_Q2_SPECSIG"/><signal id="Pre_Q3_SPECSIG"/><signal id="Pre_Q4_SPECSIG"/><signal id="Pre_Q5_SPECSIG"/><signal id="Pre_Q6_SPECSIG"/><signal id="Pre_Q7_SPECSIG"/><signal id="Pre_Q8_SPECSIG"/><signal id="Pre_Q9_SPECSIG"/></pterm><pterm id="FB4_14_1"><signal id="tipka"/><signal id="tipka_prej1" negated="ON"/><signal id="OpTxFX_DC4_SPECSIG"/></pterm><pterm id="FB4_14_2"><signal id="tipka"/><signal id="tipka_prej1" negated="ON"/><signal id="OpTxFX_DC4_SPECSIG" negated="ON"/></pterm><pterm id="FB4_15_1"><signal id="Pre_Q0_SPECSIG"/><signal id="Pre_Q1_SPECSIG"/><signal id="Pre_Q2_SPECSIG"/><signal id="Pre_Q3_SPECSIG"/><signal id="Pre_Q4_SPECSIG"/><signal id="Pre_Q5_SPECSIG"/><signal id="Pre_Q6_SPECSIG"/><signal id="Pre_Q7_SPECSIG"/><signal id="Pre_Q8_SPECSIG"/><signal id="Pre_Q9_SPECSIG"/></pterm><pterm id="FB4_16_1"><signal id="Pre_Q0_SPECSIG" negated="ON"/><signal id="Pre_Q10_SPECSIG" negated="ON"/><signal id="Pre_Q11_SPECSIG" negated="ON"/><signal id="Pre_Q12_SPECSIG" negated="ON"/><signal id="Pre_Q13_SPECSIG" negated="ON"/><signal id="Pre_Q14_SPECSIG" negated="ON"/><signal id="Pre_Q1_SPECSIG" negated="ON"/><signal id="Pre_Q2_SPECSIG" negated="ON"/><signal id="Pre_Q3_SPECSIG" negated="ON"/><signal id="Pre_Q4_SPECSIG" negated="ON"/><signal id="Pre_Q5_SPECSIG" negated="ON"/><signal id="Pre_Q6_SPECSIG" negated="ON"/><signal id="Pre_Q7_SPECSIG" negated="ON"/><signal id="Pre_Q8_SPECSIG" negated="ON"/><signal id="Pre_Q9_SPECSIG" negated="ON"/><signal id="Pre_Q15_SPECSIG"/></pterm><pterm id="FB4_16_2"><signal id="LED_rdeca"/></pterm><pterm id="FB4_17_1"><signal id="Pre_Q0_SPECSIG" negated="ON"/><signal id="Pre_Q10_SPECSIG" negated="ON"/><signal id="Pre_Q11_SPECSIG" negated="ON"/><signal id="Pre_Q12_SPECSIG" negated="ON"/><signal id="Pre_Q13_SPECSIG" negated="ON"/><signal id="Pre_Q14_SPECSIG" negated="ON"/><signal id="Pre_Q1_SPECSIG" negated="ON"/><signal id="Pre_Q2_SPECSIG" negated="ON"/><signal id="Pre_Q3_SPECSIG" negated="ON"/><signal id="Pre_Q4_SPECSIG" negated="ON"/><signal id="Pre_Q5_SPECSIG" negated="ON"/><signal id="Pre_Q6_SPECSIG" negated="ON"/><signal id="Pre_Q7_SPECSIG" negated="ON"/><signal id="Pre_Q8_SPECSIG" negated="ON"/><signal id="Pre_Q9_SPECSIG" negated="ON"/><signal id="tipka_prej" negated="ON"/><signal id="Pre_Q15_SPECSIG"/></pterm><pterm id="FB4_17_2"><signal id="Pre_Q0_SPECSIG" negated="ON"/><signal id="Pre_Q10_SPECSIG" negated="ON"/><signal id="Pre_Q11_SPECSIG" negated="ON"/><signal id="Pre_Q12_SPECSIG" negated="ON"/><signal id="Pre_Q13_SPECSIG" negated="ON"/><signal id="Pre_Q14_SPECSIG" negated="ON"/><signal id="Pre_Q1_SPECSIG" negated="ON"/><signal id="Pre_Q2_SPECSIG" negated="ON"/><signal id="Pre_Q3_SPECSIG" negated="ON"/><signal id="Pre_Q4_SPECSIG" negated="ON"/><signal id="Pre_Q5_SPECSIG" negated="ON"/><signal id="Pre_Q6_SPECSIG" negated="ON"/><signal id="Pre_Q7_SPECSIG" negated="ON"/><signal id="Pre_Q8_SPECSIG" negated="ON"/><signal id="Pre_Q9_SPECSIG" negated="ON"/><signal id="tipka_prej"/><signal id="Pre_Q15_SPECSIG"/></pterm><pterm id="FB4_18_1"><signal id="Pre_Q0_SPECSIG" negated="ON"/><signal id="Pre_Q10_SPECSIG" negated="ON"/><signal id="Pre_Q11_SPECSIG" negated="ON"/><signal id="Pre_Q12_SPECSIG" negated="ON"/><signal id="Pre_Q13_SPECSIG" negated="ON"/><signal id="Pre_Q14_SPECSIG" negated="ON"/><signal id="Pre_Q1_SPECSIG" negated="ON"/><signal id="Pre_Q2_SPECSIG" negated="ON"/><signal id="Pre_Q3_SPECSIG" negated="ON"/><signal id="Pre_Q4_SPECSIG" negated="ON"/><signal id="Pre_Q5_SPECSIG" negated="ON"/><signal id="Pre_Q6_SPECSIG" negated="ON"/><signal id="Pre_Q7_SPECSIG" negated="ON"/><signal id="Pre_Q8_SPECSIG" negated="ON"/><signal id="Pre_Q9_SPECSIG" negated="ON"/><signal id="Pre_Q15_SPECSIG"/><signal id="tipka" negated="ON"/></pterm><pterm id="FB4_18_2"><signal id="Pre_Q0_SPECSIG" negated="ON"/><signal id="Pre_Q10_SPECSIG" negated="ON"/><signal id="Pre_Q11_SPECSIG" negated="ON"/><signal id="Pre_Q12_SPECSIG" negated="ON"/><signal id="Pre_Q13_SPECSIG" negated="ON"/><signal id="Pre_Q14_SPECSIG" negated="ON"/><signal id="Pre_Q1_SPECSIG" negated="ON"/><signal id="Pre_Q2_SPECSIG" negated="ON"/><signal id="Pre_Q3_SPECSIG" negated="ON"/><signal id="Pre_Q4_SPECSIG" negated="ON"/><signal id="Pre_Q5_SPECSIG" negated="ON"/><signal id="Pre_Q6_SPECSIG" negated="ON"/><signal id="Pre_Q7_SPECSIG" negated="ON"/><signal id="Pre_Q8_SPECSIG" negated="ON"/><signal id="Pre_Q9_SPECSIG" negated="ON"/><signal id="Pre_Q15_SPECSIG"/><signal id="tipka"/></pterm><equation id="Pre_Q9_SPECSIG" regUse="T"><d2><eq_pterm ptindx="FB4_1_1"/></d2><clk><fastsig signal="clock_50M"/></clk><prld ptindx="GND"/></equation><equation id="Pre_Q8_SPECSIG" regUse="T"><d2><eq_pterm ptindx="FB4_2_1"/></d2><clk><fastsig signal="clock_50M"/></clk><prld ptindx="GND"/></equation><equation id="Pre_Q7_SPECSIG" regUse="T"><d2><eq_pterm ptindx="FB4_3_1"/></d2><clk><fastsig signal="clock_50M"/></clk><prld ptindx="GND"/></equation><equation id="Pre_Q6_SPECSIG" regUse="T"><d2><eq_pterm ptindx="FB4_4_1"/></d2><clk><fastsig signal="clock_50M"/></clk><prld ptindx="GND"/></equation><equation id="SDA" userloc="P20"><d2><eq_pterm ptindx="GND"/></d2><oe><eq_pterm ptindx="FB4_5_1"/></oe></equation><equation id="Pre_Q5_SPECSIG" regUse="T"><d2><eq_pterm ptindx="FB4_6_1"/></d2><clk><fastsig signal="clock_50M"/></clk><prld ptindx="GND"/></equation><equation id="Pre_Q4_SPECSIG" regUse="T"><d2><eq_pterm ptindx="FB4_7_1"/></d2><clk><fastsig signal="clock_50M"/></clk><prld ptindx="GND"/></equation><equation id="Pre_Q15_SPECSIG" regUse="T"><d2><eq_pterm ptindx="FB4_8_1"/></d2><clk><fastsig signal="clock_50M"/></clk><prld ptindx="GND"/></equation><equation id="Pre_Q14_SPECSIG" regUse="T"><d2><eq_pterm ptindx="FB4_9_1"/></d2><clk><fastsig signal="clock_50M"/></clk><prld ptindx="GND"/></equation><equation id="Pre_Q13_SPECSIG" regUse="T"><d2><eq_pterm ptindx="FB4_10_1"/></d2><clk><fastsig signal="clock_50M"/></clk><prld ptindx="GND"/></equation><equation id="LED_zelena" regUse="D" userloc="P22"><d2><eq_pterm ptindx="VCC"/></d2><clk><eq_pterm ptindx="GND"/></clk><set><eq_pterm ptindx="FB4_11_2"/></set><reset><eq_pterm ptindx="FB4_11_1"/></reset><prld ptindx="VCC"/></equation><equation id="Pre_Q12_SPECSIG" regUse="T"><d2><eq_pterm ptindx="FB4_12_1"/></d2><clk><fastsig signal="clock_50M"/></clk><prld ptindx="GND"/></equation><equation id="Pre_Q11_SPECSIG" regUse="T"><d2><eq_pterm ptindx="FB4_13_1"/></d2><clk><fastsig signal="clock_50M"/></clk><prld ptindx="GND"/></equation><equation id="LED_rdeca" regUse="D" userloc="P23"><d2><eq_pterm ptindx="GND"/></d2><clk><eq_pterm ptindx="GND"/></clk><set><eq_pterm ptindx="FB4_14_2"/></set><reset><eq_pterm ptindx="FB4_14_1"/></reset><prld ptindx="GND"/></equation><equation id="Pre_Q10_SPECSIG" regUse="T"><d2><eq_pterm ptindx="FB4_15_1"/></d2><clk><fastsig signal="clock_50M"/></clk><prld ptindx="GND"/></equation><equation id="OpTxFX_DC4_SPECSIG" negated="ON"><d1><eq_pterm ptindx="FB4_16_1"/></d1><d2><eq_pterm ptindx="FB4_16_2"/></d2></equation><equation id="tipka_prej1" regUse="D"><d2><eq_pterm ptindx="GND"/></d2><clk><eq_pterm ptindx="GND"/></clk><set><eq_pterm ptindx="FB4_17_2"/></set><reset><eq_pterm ptindx="FB4_17_1"/></reset><prld ptindx="GND"/></equation><equation id="tipka_prej" regUse="D"><d2><eq_pterm ptindx="GND"/></d2><clk><eq_pterm ptindx="GND"/></clk><set><eq_pterm ptindx="FB4_18_2"/></set><reset><eq_pterm ptindx="FB4_18_1"/></reset><prld ptindx="GND"/></equation></fblock><vcc/><gnd/><messages><warning>Cpld - Unable to retrieve the path to the iSE Project Repository. Will   use the default filename of 'I2C_pulldown.ise'.INFO:Cpld - Inferring BUFG constraint for signal 'clock_50M' based upon the LOC   constraint 'P1'. It is recommended that you declare this BUFG explicitedly in   your design. Note that for certain device families the output of a BUFG   constraint can not drive a gated clock, and the BUFG constraint will be   ignored.</warning></messages><compOpts exhaust="OFF" gclkopt="ON" gsropt="ON" gtsopt="ON" ignorets="OFF" inputs="54" keepio="OFF" loc="ON" mlopt="ON" optimize="SPEED" part="xc9572xl-10-VQ44" power="STD" prld="LOW" pterms="25" slew="FAST" terminate="KEEPER" unused="OFF" wysiwyg="OFF"/><specSig signal="b_SPECSIG" value="(b)"/><specSig signal="Pre_Q3_SPECSIG" value="Pre_Q&lt;3&gt;"/><specSig signal="Pre_Q1_SPECSIG" value="Pre_Q&lt;1&gt;"/><specSig signal="cnt_clk1_SPECSIG" value="cnt_clk&lt;1&gt;"/><specSig signal="Pre_Q8_SPECSIG" value="Pre_Q&lt;8&gt;"/><specSig signal="Pre_Q10_SPECSIG" value="Pre_Q&lt;10&gt;"/><specSig signal="cnt_clk0_SPECSIG" value="cnt_clk&lt;0&gt;"/><specSig signal="Pre_Q2_SPECSIG" value="Pre_Q&lt;2&gt;"/><specSig signal="Pre_Q0_SPECSIG" value="Pre_Q&lt;0&gt;"/><specSig signal="cnt_clk5_SPECSIG" value="cnt_clk&lt;5&gt;"/><specSig signal="cnt_clk4_SPECSIG" value="cnt_clk&lt;4&gt;"/><specSig signal="cnt_clk3_SPECSIG" value="cnt_clk&lt;3&gt;"/><specSig signal="cnt_clk2_SPECSIG" value="cnt_clk&lt;2&gt;"/><specSig signal="OpTxINV3__INT_SPECSIG" value="$OpTx$INV$3__$INT"/><specSig signal="Pre_Q9_SPECSIG" value="Pre_Q&lt;9&gt;"/><specSig signal="Pre_Q7_SPECSIG" value="Pre_Q&lt;7&gt;"/><specSig signal="Pre_Q6_SPECSIG" value="Pre_Q&lt;6&gt;"/><specSig signal="Pre_Q5_SPECSIG" value="Pre_Q&lt;5&gt;"/><specSig signal="Pre_Q4_SPECSIG" value="Pre_Q&lt;4&gt;"/><specSig signal="Pre_Q15_SPECSIG" value="Pre_Q&lt;15&gt;"/><specSig signal="Pre_Q14_SPECSIG" value="Pre_Q&lt;14&gt;"/><specSig signal="Pre_Q13_SPECSIG" value="Pre_Q&lt;13&gt;"/><specSig signal="Pre_Q12_SPECSIG" value="Pre_Q&lt;12&gt;"/><specSig signal="Pre_Q11_SPECSIG" value="Pre_Q&lt;11&gt;"/><specSig signal="OpTxFX_DC4_SPECSIG" value="$OpTx$FX_DC$4"/></document>
